<?xml version='1.0' encoding='us-ascii'?>
<archive xmlns="http://rs.tdwg.org/dwc/text/" metadata="eml.xml">
	<core encoding="UTF-8" rowType="http://rs.tdwg.org/dwc/terms/Occurrence" fieldsTerminatedBy="," linesTerminatedBy="&#13;&#10;" fieldsEnclosedBy="&amp;quot;" ignoreHeaderLines="1">
		<files>
			<occurrences.csv />
		</files>
		<id index="0" />
		<field index="0" term="http://rs.tdwg.org/dwc/terms/occurrenceID" />
		<field index="1" term="http://rs.tdwg.org/dwc/terms/scientificName" />
		<field index="2" term="http://rs.tdwg.org/dwc/terms/decimalLatitude" />
		<field index="3" term="http://rs.tdwg.org/dwc/terms/decimalLongitude" />
		<field index="4" term="http://rs.tdwg.org/dwc/terms/eventDate" />
		<field index="5" term="http://rs.tdwg.org/dwc/terms/vernacularName" />
		<field index="6" term="http://rs.tdwg.org/dwc/terms/genus" />
		<field index="7" term="http://rs.tdwg.org/dwc/terms/family" />
		<field index="8" term="http://rs.tdwg.org/dwc/terms/order" />
		<field index="9" term="http://rs.tdwg.org/dwc/terms/class" />
		<field index="10" term="http://rs.tdwg.org/dwc/terms/phylum" />
		<field index="11" term="http://rs.tdwg.org/dwc/terms/kingdom" />
		<field index="12" term="http://rs.tdwg.org/dwc/terms/coordinateUncertaintyInMeters" />
		<field index="13" term="http://rs.tdwg.org/dwc/terms/geodeticDatum" />
		<field index="14" term="http://rs.tdwg.org/dwc/terms/basisOfRecord" />
	</core>
</archive>